<workspace name="dali">
  <project device="EFR32MG21A010F1024IM32" name="EFR32xG21_dali_dmadrv">
    <targets>
      <name>slsproj</name>
      <name>iar</name>
    </targets>
    <directories>
      <cmsis>$PROJ_DIR$\..\..\..\platform\CMSIS</cmsis>
      <device>$PROJ_DIR$\..\..\..\platform\Device\SiliconLabs</device>
      <emlib>$PROJ_DIR$\..\..\..\platform\emlib</emlib>
      <emdrv>$PROJ_DIR$\..\..\..\platform\emdrv</emdrv>
      <drivers>$PROJ_DIR$\..\..\..\hardware\kit\common\drivers</drivers>
      <bsp>$PROJ_DIR$\..\..\..\hardware\kit\common\bsp</bsp>
      <kitconfig>$PROJ_DIR$\..\..\..\hardware\kit\EFR32MG21_BRD4181A\config</kitconfig>
    </directories>
    <includepaths>
      <path>##em-path-cmsis##\Include</path>
      <path>##em-path-device##\EFR32MG21\Include</path>
      <path>##em-path-emlib##\inc</path>
      <path>##em-path-kitconfig##</path>
      <path>##em-path-bsp##</path>
      <path>##em-path-drivers##</path>
      <path>##em-path-emdrv##\common\inc</path>
      <path>##em-path-emdrv##\dmadrv\inc</path>
      <path>##em-path-emdrv##\dmadrv\config</path>
      <path>$PROJ_DIR$\..\src</path>
    </includepaths>
    <group name="Drivers">
      <source>##em-path-drivers##\retargetio.c</source>
	  <source>##em-path-drivers##\retargetserial.c</source>
	</group>
    <group name="CMSIS">
      <source>##em-path-device##\EFR32MG21\Source\$IDE$\startup_efr32mg21.s</source>
      <source>##em-path-device##\EFR32MG21\Source\system_efr32mg21.c</source>
    </group>
    <group name="emdrv">
      <source>##em-path-emdrv##\dmadrv\src\dmadrv.c</source>
    </group>
    <group name="emlib">
      <source>##em-path-emlib##\src\em_assert.c</source>
      <source>##em-path-emlib##\src\em_cmu.c</source>
      <source>##em-path-emlib##\src\em_core.c</source>
      <source>##em-path-emlib##\src\em_emu.c</source>
      <source>##em-path-emlib##\src\em_gpio.c</source>
      <source>##em-path-emlib##\src\em_ldma.c</source>
      <source>##em-path-emlib##\src\em_prs.c</source>
      <source>##em-path-emlib##\src\em_system.c</source>
      <source>##em-path-emlib##\src\em_timer.c</source>
      <source>##em-path-emlib##\src\em_usart.c</source>
    </group>
    <group name="Source">
      <source>$PROJ_DIR$\..\src\dali_rx.c</source>
      <source>$PROJ_DIR$\..\src\dali_table.c</source>
      <source>$PROJ_DIR$\..\src\dali_tx.c</source>
      <source>$PROJ_DIR$\..\src\main.c</source>
    </group>
	<cflags>
		<define>DEBUG_EFM</define>
		<define>RETARGET_VCOM</define>
		<define>DALI_USE_DMADRV</define>
		<define>DALI_SLAVE</define>
	</cflags>
  </project>
</workspace>
